"'CO.","'FILE","'DEPT. CLOCK","'NUMBER",
"'ABC","'126543","'123456 12345","'00000000",
,,,

'Confidence Scores % (Table Cell)
""'43.26171875","'32.42187500","'23.44970703","'31.61621094",
"'44.87304688","'34.03320313","'34.03320313","'32.81250000",
